{
  "loss": 0.28189510107040405,
  "auc": 0.7969779372215271,
  "precision": 0.9030753970146179,
  "recall": 0.9919512271881104,
  "runtime": 71.14891862869263,
  "timestamp": "2025-04-29 17:27:47"
}