{
  "loss": 0.3744056820869446,
  "auc": 0.6584588885307312,
  "precision": 0.8678540587425232,
  "recall": 1.0,
  "runtime": 131.71490836143494,
  "timestamp": "2025-04-29 17:41:28"
}