{
  "loss": 0.29385244846343994,
  "auc": 0.7880969643592834,
  "precision": 0.8972783088684082,
  "recall": 0.9970731735229492,
  "runtime": 80.23362708091736,
  "timestamp": "2025-04-29 17:29:07"
}