{
  "loss": 0.3345256745815277,
  "auc": 0.6047835350036621,
  "precision": 0.8927599191665649,
  "recall": 1.0,
  "runtime": 20.86176896095276,
  "timestamp": "2025-04-29 17:37:17"
}