{
  "loss": 0.27650687098503113,
  "auc": 0.8035749197006226,
  "precision": 0.9136633276939392,
  "recall": 0.9769512414932251,
  "runtime": 339.96620988845825,
  "timestamp": "2025-04-29 17:35:47"
}