{
  "loss": 0.2783063054084778,
  "auc": 0.8012116551399231,
  "precision": 0.9006074070930481,
  "recall": 0.9945122003555298,
  "runtime": 18.72344183921814,
  "timestamp": "2025-04-29 17:36:30"
}