{
  "loss": 0.3351267874240875,
  "auc": 0.6017517447471619,
  "precision": 0.8927599191665649,
  "recall": 1.0,
  "runtime": 28.382636070251465,
  "timestamp": "2025-04-29 17:38:56"
}