{
  "loss": 0.2854357957839966,
  "auc": 0.790431559085846,
  "precision": 0.9047513008117676,
  "recall": 0.9892683029174805,
  "runtime": 23.94201922416687,
  "timestamp": "2025-04-29 17:36:11"
}