{
  "loss": 0.38591569662094116,
  "auc": 0.5989540815353394,
  "precision": 0.8678540587425232,
  "recall": 1.0,
  "runtime": 20.282858848571777,
  "timestamp": "2025-04-29 17:39:17"
}