{
  "loss": 0.34065401554107666,
  "auc": 0.5681288838386536,
  "precision": 0.8927599191665649,
  "recall": 1.0,
  "runtime": 9.83155107498169,
  "timestamp": "2025-04-29 17:37:27"
}