{
  "loss": 0.33387675881385803,
  "auc": 0.610520601272583,
  "precision": 0.8927599191665649,
  "recall": 1.0,
  "runtime": 42.114341020584106,
  "timestamp": "2025-04-29 17:38:28"
}