{
  "loss": 0.302089124917984,
  "auc": 0.7515624165534973,
  "precision": 0.8927599191665649,
  "recall": 1.0,
  "runtime": 26.1280677318573,
  "timestamp": "2025-04-29 17:36:56"
}