{
  "loss": 0.2784062325954437,
  "auc": 0.8003124594688416,
  "precision": 0.9077544808387756,
  "recall": 0.9864634275436401,
  "runtime": 60.17761015892029,
  "timestamp": "2025-04-29 17:30:07"
}