{
  "loss": 0.283478707075119,
  "auc": 0.7968031167984009,
  "precision": 0.8968088626861572,
  "recall": 0.9973170757293701,
  "runtime": 64.83694410324097,
  "timestamp": "2025-04-29 17:26:35"
}