{
  "loss": 0.33465179800987244,
  "auc": 0.6019949913024902,
  "precision": 0.8927599191665649,
  "recall": 1.0,
  "runtime": 19.334992170333862,
  "timestamp": "2025-04-29 17:37:46"
}